Bios,Movies,Religion,Music,Sports,Books,Politics
Avid stargazer with a penchant for philosophical debates. Seeking someone to share sunsets and meaningful conversations.,Science Fiction,Buddhism,Jazz,Tennis,Non-Fiction,Liberalism
Lover of spontaneous road trips and the perfect slice of pizza. Life's too short for boring dates!,Comedy,Christianity,Pop,Baseball,Romance,Conservatism
Bookworm and history buff searching for my own fairytale ending. Let's explore museums and old bookstores together.,Drama,Judaism,Classical,Soccer,Fantasy,Socialism
World traveler with a taste for spicy food and adrenaline rushes. Ready to experience the best life has to offer.,Action,Islam,Hip-Hop,Basketball,Science Fiction,Libertarianism
Always up for a good laugh and a competitive game night. Looking for my partner in crime.,Comedy,Hinduism,Rock,Cricket,Mystery,Communism
"Passionate about art, music, and making a difference. Let's create memories, and change the world.",Drama,Christianity,Jazz,Tennis,Non-Fiction,Liberalism
Horror movie enthusiast who enjoys long walks on the beach. Beware of dad jokes.,Horror,Buddhism,Classical,Baseball,Romance,Conservatism
"Tech geek, into gaming, and fascinated by the future. Ready to explore new dimensions.",Science Fiction,Judaism,Pop,Soccer,Science Fiction,Socialism
"Foodie with a deep appreciation for all things delicious, from street tacos to sushi. My love language is food.",Action,Islam,Hip-Hop,Cricket,Mystery,Libertarianism
"Music lover, and concert fanatic, with a soft spot for animals. Always down to try new adventures.",Comedy,Hinduism,Rock,Basketball,Fantasy,Communism
I'm a hopeless romantic with a love for a good laugh. Seeking someone to share life's simple joys with!,Comedy,Christianity,Pop,Tennis,Romance,Liberalism
Avid reader and admirer of the cosmos. I'm looking for a fellow explorer to delve into the unknown.,Science Fiction,Buddhism,Classical,Cricket,Science Fiction,Libertarianism
Always up for a thrilling experience and a thought-provoking conversation. Let's unravel some mysteries together!,Horror,Judaism,Jazz,Baseball,Mystery,Conservatism
Passionate about the art of storytelling. I'm searching for someone who appreciates the power of words.,Drama,Hinduism,Classical,Soccer,Non-Fiction,Socialism
Born to move and groove. Ready to find someone to dance through life with!,Action,Islam,Hip-Hop,Basketball,Fantasy,Communism
I'm a wanderer with a thirst for knowledge. Interested in connecting with someone who shares a curious spirit.,Science Fiction,Christianity,Rock,Tennis,Science Fiction,Liberalism
Seeking someone who appreciates a good debate and enjoys a strong cup of coffee. Let's challenge each other!,Drama,Buddhism,Jazz,Cricket,Non-Fiction,Conservatism
I believe in living life to the fullest. Ready to find someone to make everyday an adventure!,Comedy,Judaism,Pop,Baseball,Romance,Libertarianism
Iâ€™m a fan of a good plot twist and a captivating story. Seeking someone with a taste for intrigue.,Horror,Hinduism,Classical,Soccer,Mystery,Socialism
Ready to start the next chapter and find my forever person. Always down for a spontaneous outing.,Action,Islam,Hip-Hop,Basketball,Fantasy,Communism
